dose,Z,LET,tum,atRisk,Prev,SD,NWeight,Beam
60,1,0.4,3,37,0.081081081,0.044874281,496.5980392,250p1
40,14,70,4,7,0.571428571,0.187043906,28.58333333,260Si28
20,8,20,7,54,0.12962963,0.045709588,478.6139818,350O16
40,8,20,3,37,0.081081081,0.044874281,496.5980392,
80,8,20,7,33,0.212121212,0.071164726,197.456044,
